,file,Mask_on,x1,x2,y1,y2,key,img_path
0,maksssksksss10.png,1,98,194,267,383,maksssksksss10.xml,c:\Users\ohund\workspace\project_human_centered_machine_learning_test\PascalVOCFaceMasks\images\maksssksksss10.png
1,maksssksksss101.png,1,48,164,294,400,maksssksksss101.xml,c:\Users\ohund\workspace\project_human_centered_machine_learning_test\PascalVOCFaceMasks\images\maksssksksss101.png
2,maksssksksss102.png,1,212,251,57,106,maksssksksss102.xml,c:\Users\ohund\workspace\project_human_centered_machine_learning_test\PascalVOCFaceMasks\images\maksssksksss102.png
3,maksssksksss106.png,1,154,423,51,391,maksssksksss106.xml,c:\Users\ohund\workspace\project_human_centered_machine_learning_test\PascalVOCFaceMasks\images\maksssksksss106.png
4,maksssksksss107.png,1,121,212,192,312,maksssksksss107.xml,c:\Users\ohund\workspace\project_human_centered_machine_learning_test\PascalVOCFaceMasks\images\maksssksksss107.png
5,maksssksksss109.png,1,216,372,92,251,maksssksksss109.xml,c:\Users\ohund\workspace\project_human_centered_machine_learning_test\PascalVOCFaceMasks\images\maksssksksss109.png
7,maksssksksss117.png,1,131,227,224,346,maksssksksss117.xml,c:\Users\ohund\workspace\project_human_centered_machine_learning_test\PascalVOCFaceMasks\images\maksssksksss117.png
8,maksssksksss120.png,1,59,183,185,336,maksssksksss120.xml,c:\Users\ohund\workspace\project_human_centered_machine_learning_test\PascalVOCFaceMasks\images\maksssksksss120.png
9,maksssksksss122.png,1,201,345,38,213,maksssksksss122.xml,c:\Users\ohund\workspace\project_human_centered_machine_learning_test\PascalVOCFaceMasks\images\maksssksksss122.png
10,maksssksksss125.png,0,118,216,151,279,maksssksksss125.xml,c:\Users\ohund\workspace\project_human_centered_machine_learning_test\PascalVOCFaceMasks\images\maksssksksss125.png
11,maksssksksss127.png,1,98,130,46,80,maksssksksss127.xml,c:\Users\ohund\workspace\project_human_centered_machine_learning_test\PascalVOCFaceMasks\images\maksssksksss127.png
12,maksssksksss128.png,0,93,194,183,295,maksssksksss128.xml,c:\Users\ohund\workspace\project_human_centered_machine_learning_test\PascalVOCFaceMasks\images\maksssksksss128.png
14,maksssksksss133.png,1,100,221,179,318,maksssksksss133.xml,c:\Users\ohund\workspace\project_human_centered_machine_learning_test\PascalVOCFaceMasks\images\maksssksksss133.png
15,maksssksksss136.png,1,100,152,105,158,maksssksksss136.xml,c:\Users\ohund\workspace\project_human_centered_machine_learning_test\PascalVOCFaceMasks\images\maksssksksss136.png
16,maksssksksss14.png,0,152,239,192,319,maksssksksss14.xml,c:\Users\ohund\workspace\project_human_centered_machine_learning_test\PascalVOCFaceMasks\images\maksssksksss14.png
17,maksssksksss142.png,1,144,244,110,235,maksssksksss142.xml,c:\Users\ohund\workspace\project_human_centered_machine_learning_test\PascalVOCFaceMasks\images\maksssksksss142.png
18,maksssksksss143.png,1,102,194,200,333,maksssksksss143.xml,c:\Users\ohund\workspace\project_human_centered_machine_learning_test\PascalVOCFaceMasks\images\maksssksksss143.png
19,maksssksksss150.png,1,60,164,136,260,maksssksksss150.xml,c:\Users\ohund\workspace\project_human_centered_machine_learning_test\PascalVOCFaceMasks\images\maksssksksss150.png
20,maksssksksss154.png,0,90,184,200,333,maksssksksss154.xml,c:\Users\ohund\workspace\project_human_centered_machine_learning_test\PascalVOCFaceMasks\images\maksssksksss154.png
21,maksssksksss16.png,1,48,146,227,345,maksssksksss16.xml,c:\Users\ohund\workspace\project_human_centered_machine_learning_test\PascalVOCFaceMasks\images\maksssksksss16.png
22,maksssksksss161.png,0,123,190,227,328,maksssksksss161.xml,c:\Users\ohund\workspace\project_human_centered_machine_learning_test\PascalVOCFaceMasks\images\maksssksksss161.png
23,maksssksksss162.png,1,86,191,181,308,maksssksksss162.xml,c:\Users\ohund\workspace\project_human_centered_machine_learning_test\PascalVOCFaceMasks\images\maksssksksss162.png
24,maksssksksss169.png,1,152,220,262,367,maksssksksss169.xml,c:\Users\ohund\workspace\project_human_centered_machine_learning_test\PascalVOCFaceMasks\images\maksssksksss169.png
25,maksssksksss17.png,1,73,169,179,297,maksssksksss17.xml,c:\Users\ohund\workspace\project_human_centered_machine_learning_test\PascalVOCFaceMasks\images\maksssksksss17.png
26,maksssksksss170.png,1,102,239,54,210,maksssksksss170.xml,c:\Users\ohund\workspace\project_human_centered_machine_learning_test\PascalVOCFaceMasks\images\maksssksksss170.png
27,maksssksksss171.png,1,207,361,122,291,maksssksksss171.xml,c:\Users\ohund\workspace\project_human_centered_machine_learning_test\PascalVOCFaceMasks\images\maksssksksss171.png
28,maksssksksss172.png,0,96,186,233,341,maksssksksss172.xml,c:\Users\ohund\workspace\project_human_centered_machine_learning_test\PascalVOCFaceMasks\images\maksssksksss172.png
29,maksssksksss180.png,1,58,165,182,316,maksssksksss180.xml,c:\Users\ohund\workspace\project_human_centered_machine_learning_test\PascalVOCFaceMasks\images\maksssksksss180.png
30,maksssksksss186.png,1,87,135,56,119,maksssksksss186.xml,c:\Users\ohund\workspace\project_human_centered_machine_learning_test\PascalVOCFaceMasks\images\maksssksksss186.png
31,maksssksksss187.png,1,230,320,97,182,maksssksksss187.xml,c:\Users\ohund\workspace\project_human_centered_machine_learning_test\PascalVOCFaceMasks\images\maksssksksss187.png
32,maksssksksss188.png,1,99,198,205,318,maksssksksss188.xml,c:\Users\ohund\workspace\project_human_centered_machine_learning_test\PascalVOCFaceMasks\images\maksssksksss188.png
33,maksssksksss190.png,1,143,222,75,155,maksssksksss190.xml,c:\Users\ohund\workspace\project_human_centered_machine_learning_test\PascalVOCFaceMasks\images\maksssksksss190.png
34,maksssksksss191.png,1,221,297,82,163,maksssksksss191.xml,c:\Users\ohund\workspace\project_human_centered_machine_learning_test\PascalVOCFaceMasks\images\maksssksksss191.png
35,maksssksksss192.png,1,112,157,40,87,maksssksksss192.xml,c:\Users\ohund\workspace\project_human_centered_machine_learning_test\PascalVOCFaceMasks\images\maksssksksss192.png
36,maksssksksss195.png,1,121,305,145,356,maksssksksss195.xml,c:\Users\ohund\workspace\project_human_centered_machine_learning_test\PascalVOCFaceMasks\images\maksssksksss195.png
37,maksssksksss196.png,1,83,154,250,362,maksssksksss196.xml,c:\Users\ohund\workspace\project_human_centered_machine_learning_test\PascalVOCFaceMasks\images\maksssksksss196.png
38,maksssksksss197.png,1,169,213,84,128,maksssksksss197.xml,c:\Users\ohund\workspace\project_human_centered_machine_learning_test\PascalVOCFaceMasks\images\maksssksksss197.png
39,maksssksksss198.png,1,118,295,19,184,maksssksksss198.xml,c:\Users\ohund\workspace\project_human_centered_machine_learning_test\PascalVOCFaceMasks\images\maksssksksss198.png
40,maksssksksss20.png,1,93,153,60,124,maksssksksss20.xml,c:\Users\ohund\workspace\project_human_centered_machine_learning_test\PascalVOCFaceMasks\images\maksssksksss20.png
41,maksssksksss205.png,1,86,156,244,346,maksssksksss205.xml,c:\Users\ohund\workspace\project_human_centered_machine_learning_test\PascalVOCFaceMasks\images\maksssksksss205.png
42,maksssksksss210.png,1,92,205,203,356,maksssksksss210.xml,c:\Users\ohund\workspace\project_human_centered_machine_learning_test\PascalVOCFaceMasks\images\maksssksksss210.png
43,maksssksksss211.png,1,144,276,99,219,maksssksksss211.xml,c:\Users\ohund\workspace\project_human_centered_machine_learning_test\PascalVOCFaceMasks\images\maksssksksss211.png
44,maksssksksss212.png,1,115,169,75,135,maksssksksss212.xml,c:\Users\ohund\workspace\project_human_centered_machine_learning_test\PascalVOCFaceMasks\images\maksssksksss212.png
45,maksssksksss213.png,1,63,174,183,313,maksssksksss213.xml,c:\Users\ohund\workspace\project_human_centered_machine_learning_test\PascalVOCFaceMasks\images\maksssksksss213.png
46,maksssksksss217.png,0,115,218,202,341,maksssksksss217.xml,c:\Users\ohund\workspace\project_human_centered_machine_learning_test\PascalVOCFaceMasks\images\maksssksksss217.png
47,maksssksksss218.png,0,139,251,223,371,maksssksksss218.xml,c:\Users\ohund\workspace\project_human_centered_machine_learning_test\PascalVOCFaceMasks\images\maksssksksss218.png
48,maksssksksss22.png,1,183,270,101,185,maksssksksss22.xml,c:\Users\ohund\workspace\project_human_centered_machine_learning_test\PascalVOCFaceMasks\images\maksssksksss22.png
49,maksssksksss220.png,1,113,162,58,104,maksssksksss220.xml,c:\Users\ohund\workspace\project_human_centered_machine_learning_test\PascalVOCFaceMasks\images\maksssksksss220.png
50,maksssksksss224.png,1,214,298,112,200,maksssksksss224.xml,c:\Users\ohund\workspace\project_human_centered_machine_learning_test\PascalVOCFaceMasks\images\maksssksksss224.png
51,maksssksksss225.png,1,116,222,207,354,maksssksksss225.xml,c:\Users\ohund\workspace\project_human_centered_machine_learning_test\PascalVOCFaceMasks\images\maksssksksss225.png
52,maksssksksss226.png,1,145,209,56,121,maksssksksss226.xml,c:\Users\ohund\workspace\project_human_centered_machine_learning_test\PascalVOCFaceMasks\images\maksssksksss226.png
53,maksssksksss228.png,1,46,147,191,324,maksssksksss228.xml,c:\Users\ohund\workspace\project_human_centered_machine_learning_test\PascalVOCFaceMasks\images\maksssksksss228.png
54,maksssksksss23.png,1,188,241,74,131,maksssksksss23.xml,c:\Users\ohund\workspace\project_human_centered_machine_learning_test\PascalVOCFaceMasks\images\maksssksksss23.png
55,maksssksksss233.png,1,109,180,117,198,maksssksksss233.xml,c:\Users\ohund\workspace\project_human_centered_machine_learning_test\PascalVOCFaceMasks\images\maksssksksss233.png
56,maksssksksss236.png,0,163,269,164,299,maksssksksss236.xml,c:\Users\ohund\workspace\project_human_centered_machine_learning_test\PascalVOCFaceMasks\images\maksssksksss236.png
57,maksssksksss239.png,0,91,189,208,317,maksssksksss239.xml,c:\Users\ohund\workspace\project_human_centered_machine_learning_test\PascalVOCFaceMasks\images\maksssksksss239.png
59,maksssksksss241.png,1,172,246,74,147,maksssksksss241.xml,c:\Users\ohund\workspace\project_human_centered_machine_learning_test\PascalVOCFaceMasks\images\maksssksksss241.png
60,maksssksksss242.png,1,156,222,80,155,maksssksksss242.xml,c:\Users\ohund\workspace\project_human_centered_machine_learning_test\PascalVOCFaceMasks\images\maksssksksss242.png
61,maksssksksss243.png,1,112,206,93,219,maksssksksss243.xml,c:\Users\ohund\workspace\project_human_centered_machine_learning_test\PascalVOCFaceMasks\images\maksssksksss243.png
62,maksssksksss248.png,0,126,185,186,295,maksssksksss248.xml,c:\Users\ohund\workspace\project_human_centered_machine_learning_test\PascalVOCFaceMasks\images\maksssksksss248.png
63,maksssksksss25.png,1,122,195,68,152,maksssksksss25.xml,c:\Users\ohund\workspace\project_human_centered_machine_learning_test\PascalVOCFaceMasks\images\maksssksksss25.png
64,maksssksksss252.png,1,109,213,65,161,maksssksksss252.xml,c:\Users\ohund\workspace\project_human_centered_machine_learning_test\PascalVOCFaceMasks\images\maksssksksss252.png
66,maksssksksss259.png,1,68,144,213,306,maksssksksss259.xml,c:\Users\ohund\workspace\project_human_centered_machine_learning_test\PascalVOCFaceMasks\images\maksssksksss259.png
67,maksssksksss262.png,1,151,260,179,316,maksssksksss262.xml,c:\Users\ohund\workspace\project_human_centered_machine_learning_test\PascalVOCFaceMasks\images\maksssksksss262.png
68,maksssksksss266.png,1,74,180,205,330,maksssksksss266.xml,c:\Users\ohund\workspace\project_human_centered_machine_learning_test\PascalVOCFaceMasks\images\maksssksksss266.png
69,maksssksksss27.png,1,163,251,88,185,maksssksksss27.xml,c:\Users\ohund\workspace\project_human_centered_machine_learning_test\PascalVOCFaceMasks\images\maksssksksss27.png
70,maksssksksss271.png,1,89,212,177,333,maksssksksss271.xml,c:\Users\ohund\workspace\project_human_centered_machine_learning_test\PascalVOCFaceMasks\images\maksssksksss271.png
72,maksssksksss273.png,1,81,187,143,277,maksssksksss273.xml,c:\Users\ohund\workspace\project_human_centered_machine_learning_test\PascalVOCFaceMasks\images\maksssksksss273.png
73,maksssksksss274.png,1,230,306,70,151,maksssksksss274.xml,c:\Users\ohund\workspace\project_human_centered_machine_learning_test\PascalVOCFaceMasks\images\maksssksksss274.png
74,maksssksksss275.png,1,56,145,241,334,maksssksksss275.xml,c:\Users\ohund\workspace\project_human_centered_machine_learning_test\PascalVOCFaceMasks\images\maksssksksss275.png
75,maksssksksss28.png,1,105,170,23,96,maksssksksss28.xml,c:\Users\ohund\workspace\project_human_centered_machine_learning_test\PascalVOCFaceMasks\images\maksssksksss28.png
76,maksssksksss281.png,1,98,195,204,329,maksssksksss281.xml,c:\Users\ohund\workspace\project_human_centered_machine_learning_test\PascalVOCFaceMasks\images\maksssksksss281.png
77,maksssksksss283.png,1,77,170,206,323,maksssksksss283.xml,c:\Users\ohund\workspace\project_human_centered_machine_learning_test\PascalVOCFaceMasks\images\maksssksksss283.png
78,maksssksksss285.png,1,66,209,99,235,maksssksksss285.xml,c:\Users\ohund\workspace\project_human_centered_machine_learning_test\PascalVOCFaceMasks\images\maksssksksss285.png
79,maksssksksss291.png,1,136,200,259,359,maksssksksss291.xml,c:\Users\ohund\workspace\project_human_centered_machine_learning_test\PascalVOCFaceMasks\images\maksssksksss291.png
80,maksssksksss295.png,1,92,168,76,162,maksssksksss295.xml,c:\Users\ohund\workspace\project_human_centered_machine_learning_test\PascalVOCFaceMasks\images\maksssksksss295.png
81,maksssksksss299.png,0,62,160,194,320,maksssksksss299.xml,c:\Users\ohund\workspace\project_human_centered_machine_learning_test\PascalVOCFaceMasks\images\maksssksksss299.png
82,maksssksksss300.png,1,82,180,159,272,maksssksksss300.xml,c:\Users\ohund\workspace\project_human_centered_machine_learning_test\PascalVOCFaceMasks\images\maksssksksss300.png
83,maksssksksss306.png,1,143,254,181,321,maksssksksss306.xml,c:\Users\ohund\workspace\project_human_centered_machine_learning_test\PascalVOCFaceMasks\images\maksssksksss306.png
85,maksssksksss313.png,1,143,309,39,257,maksssksksss313.xml,c:\Users\ohund\workspace\project_human_centered_machine_learning_test\PascalVOCFaceMasks\images\maksssksksss313.png
86,maksssksksss322.png,1,60,186,100,253,maksssksksss322.xml,c:\Users\ohund\workspace\project_human_centered_machine_learning_test\PascalVOCFaceMasks\images\maksssksksss322.png
87,maksssksksss323.png,1,322,368,257,346,maksssksksss323.xml,c:\Users\ohund\workspace\project_human_centered_machine_learning_test\PascalVOCFaceMasks\images\maksssksksss323.png
88,maksssksksss324.png,1,90,224,123,277,maksssksksss324.xml,c:\Users\ohund\workspace\project_human_centered_machine_learning_test\PascalVOCFaceMasks\images\maksssksksss324.png
89,maksssksksss328.png,1,82,187,139,270,maksssksksss328.xml,c:\Users\ohund\workspace\project_human_centered_machine_learning_test\PascalVOCFaceMasks\images\maksssksksss328.png
90,maksssksksss33.png,1,114,143,47,75,maksssksksss33.xml,c:\Users\ohund\workspace\project_human_centered_machine_learning_test\PascalVOCFaceMasks\images\maksssksksss33.png
91,maksssksksss332.png,1,62,166,213,319,maksssksksss332.xml,c:\Users\ohund\workspace\project_human_centered_machine_learning_test\PascalVOCFaceMasks\images\maksssksksss332.png
92,maksssksksss333.png,1,76,181,203,330,maksssksksss333.xml,c:\Users\ohund\workspace\project_human_centered_machine_learning_test\PascalVOCFaceMasks\images\maksssksksss333.png
93,maksssksksss335.png,1,12,125,153,293,maksssksksss335.xml,c:\Users\ohund\workspace\project_human_centered_machine_learning_test\PascalVOCFaceMasks\images\maksssksksss335.png
94,maksssksksss337.png,1,115,145,32,70,maksssksksss337.xml,c:\Users\ohund\workspace\project_human_centered_machine_learning_test\PascalVOCFaceMasks\images\maksssksksss337.png
95,maksssksksss339.png,1,89,180,210,303,maksssksksss339.xml,c:\Users\ohund\workspace\project_human_centered_machine_learning_test\PascalVOCFaceMasks\images\maksssksksss339.png
96,maksssksksss341.png,1,67,160,197,318,maksssksksss341.xml,c:\Users\ohund\workspace\project_human_centered_machine_learning_test\PascalVOCFaceMasks\images\maksssksksss341.png
97,maksssksksss343.png,0,85,232,131,284,maksssksksss343.xml,c:\Users\ohund\workspace\project_human_centered_machine_learning_test\PascalVOCFaceMasks\images\maksssksksss343.png
98,maksssksksss348.png,0,86,188,189,304,maksssksksss348.xml,c:\Users\ohund\workspace\project_human_centered_machine_learning_test\PascalVOCFaceMasks\images\maksssksksss348.png
99,maksssksksss351.png,1,143,257,67,195,maksssksksss351.xml,c:\Users\ohund\workspace\project_human_centered_machine_learning_test\PascalVOCFaceMasks\images\maksssksksss351.png
100,maksssksksss353.png,1,227,265,70,111,maksssksksss353.xml,c:\Users\ohund\workspace\project_human_centered_machine_learning_test\PascalVOCFaceMasks\images\maksssksksss353.png
101,maksssksksss355.png,1,103,181,231,338,maksssksksss355.xml,c:\Users\ohund\workspace\project_human_centered_machine_learning_test\PascalVOCFaceMasks\images\maksssksksss355.png
102,maksssksksss356.png,1,113,218,178,302,maksssksksss356.xml,c:\Users\ohund\workspace\project_human_centered_machine_learning_test\PascalVOCFaceMasks\images\maksssksksss356.png
103,maksssksksss357.png,1,219,263,35,85,maksssksksss357.xml,c:\Users\ohund\workspace\project_human_centered_machine_learning_test\PascalVOCFaceMasks\images\maksssksksss357.png
104,maksssksksss360.png,1,173,206,33,71,maksssksksss360.xml,c:\Users\ohund\workspace\project_human_centered_machine_learning_test\PascalVOCFaceMasks\images\maksssksksss360.png
105,maksssksksss367.png,1,241,271,60,97,maksssksksss367.xml,c:\Users\ohund\workspace\project_human_centered_machine_learning_test\PascalVOCFaceMasks\images\maksssksksss367.png
106,maksssksksss369.png,1,123,217,139,267,maksssksksss369.xml,c:\Users\ohund\workspace\project_human_centered_machine_learning_test\PascalVOCFaceMasks\images\maksssksksss369.png
107,maksssksksss37.png,1,78,192,110,265,maksssksksss37.xml,c:\Users\ohund\workspace\project_human_centered_machine_learning_test\PascalVOCFaceMasks\images\maksssksksss37.png
108,maksssksksss370.png,0,135,241,135,263,maksssksksss370.xml,c:\Users\ohund\workspace\project_human_centered_machine_learning_test\PascalVOCFaceMasks\images\maksssksksss370.png
110,maksssksksss377.png,1,132,246,75,176,maksssksksss377.xml,c:\Users\ohund\workspace\project_human_centered_machine_learning_test\PascalVOCFaceMasks\images\maksssksksss377.png
111,maksssksksss379.png,0,129,212,197,317,maksssksksss379.xml,c:\Users\ohund\workspace\project_human_centered_machine_learning_test\PascalVOCFaceMasks\images\maksssksksss379.png
112,maksssksksss380.png,1,47,157,210,359,maksssksksss380.xml,c:\Users\ohund\workspace\project_human_centered_machine_learning_test\PascalVOCFaceMasks\images\maksssksksss380.png
113,maksssksksss383.png,1,90,190,183,309,maksssksksss383.xml,c:\Users\ohund\workspace\project_human_centered_machine_learning_test\PascalVOCFaceMasks\images\maksssksksss383.png
114,maksssksksss392.png,1,168,292,76,211,maksssksksss392.xml,c:\Users\ohund\workspace\project_human_centered_machine_learning_test\PascalVOCFaceMasks\images\maksssksksss392.png
115,maksssksksss394.png,1,142,249,13,133,maksssksksss394.xml,c:\Users\ohund\workspace\project_human_centered_machine_learning_test\PascalVOCFaceMasks\images\maksssksksss394.png
116,maksssksksss395.png,1,218,307,57,164,maksssksksss395.xml,c:\Users\ohund\workspace\project_human_centered_machine_learning_test\PascalVOCFaceMasks\images\maksssksksss395.png
117,maksssksksss398.png,1,153,251,122,223,maksssksksss398.xml,c:\Users\ohund\workspace\project_human_centered_machine_learning_test\PascalVOCFaceMasks\images\maksssksksss398.png
118,maksssksksss4.png,1,70,176,185,321,maksssksksss4.xml,c:\Users\ohund\workspace\project_human_centered_machine_learning_test\PascalVOCFaceMasks\images\maksssksksss4.png
119,maksssksksss402.png,0,90,165,256,349,maksssksksss402.xml,c:\Users\ohund\workspace\project_human_centered_machine_learning_test\PascalVOCFaceMasks\images\maksssksksss402.png
120,maksssksksss403.png,1,96,199,226,350,maksssksksss403.xml,c:\Users\ohund\workspace\project_human_centered_machine_learning_test\PascalVOCFaceMasks\images\maksssksksss403.png
121,maksssksksss404.png,0,112,183,214,319,maksssksksss404.xml,c:\Users\ohund\workspace\project_human_centered_machine_learning_test\PascalVOCFaceMasks\images\maksssksksss404.png
122,maksssksksss405.png,1,101,182,264,370,maksssksksss405.xml,c:\Users\ohund\workspace\project_human_centered_machine_learning_test\PascalVOCFaceMasks\images\maksssksksss405.png
124,maksssksksss407.png,1,102,202,204,331,maksssksksss407.xml,c:\Users\ohund\workspace\project_human_centered_machine_learning_test\PascalVOCFaceMasks\images\maksssksksss407.png
125,maksssksksss409.png,1,91,172,208,320,maksssksksss409.xml,c:\Users\ohund\workspace\project_human_centered_machine_learning_test\PascalVOCFaceMasks\images\maksssksksss409.png
126,maksssksksss415.png,1,86,179,127,234,maksssksksss415.xml,c:\Users\ohund\workspace\project_human_centered_machine_learning_test\PascalVOCFaceMasks\images\maksssksksss415.png
127,maksssksksss417.png,1,115,217,200,338,maksssksksss417.xml,c:\Users\ohund\workspace\project_human_centered_machine_learning_test\PascalVOCFaceMasks\images\maksssksksss417.png
128,maksssksksss420.png,0,96,197,171,282,maksssksksss420.xml,c:\Users\ohund\workspace\project_human_centered_machine_learning_test\PascalVOCFaceMasks\images\maksssksksss420.png
129,maksssksksss425.png,1,203,349,122,266,maksssksksss425.xml,c:\Users\ohund\workspace\project_human_centered_machine_learning_test\PascalVOCFaceMasks\images\maksssksksss425.png
130,maksssksksss426.png,1,154,313,78,247,maksssksksss426.xml,c:\Users\ohund\workspace\project_human_centered_machine_learning_test\PascalVOCFaceMasks\images\maksssksksss426.png
131,maksssksksss432.png,1,181,247,75,148,maksssksksss432.xml,c:\Users\ohund\workspace\project_human_centered_machine_learning_test\PascalVOCFaceMasks\images\maksssksksss432.png
132,maksssksksss433.png,1,132,222,191,323,maksssksksss433.xml,c:\Users\ohund\workspace\project_human_centered_machine_learning_test\PascalVOCFaceMasks\images\maksssksksss433.png
133,maksssksksss434.png,1,138,325,155,339,maksssksksss434.xml,c:\Users\ohund\workspace\project_human_centered_machine_learning_test\PascalVOCFaceMasks\images\maksssksksss434.png
134,maksssksksss442.png,0,89,215,169,309,maksssksksss442.xml,c:\Users\ohund\workspace\project_human_centered_machine_learning_test\PascalVOCFaceMasks\images\maksssksksss442.png
135,maksssksksss443.png,0,89,187,155,264,maksssksksss443.xml,c:\Users\ohund\workspace\project_human_centered_machine_learning_test\PascalVOCFaceMasks\images\maksssksksss443.png
136,maksssksksss446.png,1,78,395,49,386,maksssksksss446.xml,c:\Users\ohund\workspace\project_human_centered_machine_learning_test\PascalVOCFaceMasks\images\maksssksksss446.png
137,maksssksksss454.png,1,143,255,97,211,maksssksksss454.xml,c:\Users\ohund\workspace\project_human_centered_machine_learning_test\PascalVOCFaceMasks\images\maksssksksss454.png
138,maksssksksss455.png,0,115,225,222,373,maksssksksss455.xml,c:\Users\ohund\workspace\project_human_centered_machine_learning_test\PascalVOCFaceMasks\images\maksssksksss455.png
139,maksssksksss456.png,1,171,232,70,141,maksssksksss456.xml,c:\Users\ohund\workspace\project_human_centered_machine_learning_test\PascalVOCFaceMasks\images\maksssksksss456.png
140,maksssksksss462.png,1,119,148,38,73,maksssksksss462.xml,c:\Users\ohund\workspace\project_human_centered_machine_learning_test\PascalVOCFaceMasks\images\maksssksksss462.png
141,maksssksksss463.png,1,136,258,101,226,maksssksksss463.xml,c:\Users\ohund\workspace\project_human_centered_machine_learning_test\PascalVOCFaceMasks\images\maksssksksss463.png
142,maksssksksss465.png,1,231,297,42,128,maksssksksss465.xml,c:\Users\ohund\workspace\project_human_centered_machine_learning_test\PascalVOCFaceMasks\images\maksssksksss465.png
143,maksssksksss468.png,1,100,215,144,273,maksssksksss468.xml,c:\Users\ohund\workspace\project_human_centered_machine_learning_test\PascalVOCFaceMasks\images\maksssksksss468.png
144,maksssksksss47.png,1,152,285,64,207,maksssksksss47.xml,c:\Users\ohund\workspace\project_human_centered_machine_learning_test\PascalVOCFaceMasks\images\maksssksksss47.png
145,maksssksksss472.png,1,220,256,68,117,maksssksksss472.xml,c:\Users\ohund\workspace\project_human_centered_machine_learning_test\PascalVOCFaceMasks\images\maksssksksss472.png
146,maksssksksss479.png,1,116,225,156,302,maksssksksss479.xml,c:\Users\ohund\workspace\project_human_centered_machine_learning_test\PascalVOCFaceMasks\images\maksssksksss479.png
147,maksssksksss48.png,0,85,190,152,279,maksssksksss48.xml,c:\Users\ohund\workspace\project_human_centered_machine_learning_test\PascalVOCFaceMasks\images\maksssksksss48.png
148,maksssksksss480.png,1,133,243,189,341,maksssksksss480.xml,c:\Users\ohund\workspace\project_human_centered_machine_learning_test\PascalVOCFaceMasks\images\maksssksksss480.png
149,maksssksksss482.png,0,40,135,246,364,maksssksksss482.xml,c:\Users\ohund\workspace\project_human_centered_machine_learning_test\PascalVOCFaceMasks\images\maksssksksss482.png
151,maksssksksss485.png,1,142,225,280,387,maksssksksss485.xml,c:\Users\ohund\workspace\project_human_centered_machine_learning_test\PascalVOCFaceMasks\images\maksssksksss485.png
152,maksssksksss490.png,1,85,212,149,280,maksssksksss490.xml,c:\Users\ohund\workspace\project_human_centered_machine_learning_test\PascalVOCFaceMasks\images\maksssksksss490.png
153,maksssksksss491.png,1,125,220,132,264,maksssksksss491.xml,c:\Users\ohund\workspace\project_human_centered_machine_learning_test\PascalVOCFaceMasks\images\maksssksksss491.png
154,maksssksksss492.png,1,60,161,154,278,maksssksksss492.xml,c:\Users\ohund\workspace\project_human_centered_machine_learning_test\PascalVOCFaceMasks\images\maksssksksss492.png
155,maksssksksss493.png,1,62,182,165,315,maksssksksss493.xml,c:\Users\ohund\workspace\project_human_centered_machine_learning_test\PascalVOCFaceMasks\images\maksssksksss493.png
156,maksssksksss494.png,1,91,163,80,158,maksssksksss494.xml,c:\Users\ohund\workspace\project_human_centered_machine_learning_test\PascalVOCFaceMasks\images\maksssksksss494.png
158,maksssksksss497.png,1,111,194,226,331,maksssksksss497.xml,c:\Users\ohund\workspace\project_human_centered_machine_learning_test\PascalVOCFaceMasks\images\maksssksksss497.png
159,maksssksksss500.png,1,113,216,230,368,maksssksksss500.xml,c:\Users\ohund\workspace\project_human_centered_machine_learning_test\PascalVOCFaceMasks\images\maksssksksss500.png
160,maksssksksss504.png,1,31,135,170,296,maksssksksss504.xml,c:\Users\ohund\workspace\project_human_centered_machine_learning_test\PascalVOCFaceMasks\images\maksssksksss504.png
161,maksssksksss505.png,1,60,170,107,218,maksssksksss505.xml,c:\Users\ohund\workspace\project_human_centered_machine_learning_test\PascalVOCFaceMasks\images\maksssksksss505.png
162,maksssksksss506.png,1,79,272,79,269,maksssksksss506.xml,c:\Users\ohund\workspace\project_human_centered_machine_learning_test\PascalVOCFaceMasks\images\maksssksksss506.png
163,maksssksksss507.png,1,131,250,55,175,maksssksksss507.xml,c:\Users\ohund\workspace\project_human_centered_machine_learning_test\PascalVOCFaceMasks\images\maksssksksss507.png
164,maksssksksss509.png,1,151,242,1,57,maksssksksss509.xml,c:\Users\ohund\workspace\project_human_centered_machine_learning_test\PascalVOCFaceMasks\images\maksssksksss509.png
165,maksssksksss51.png,0,114,213,159,286,maksssksksss51.xml,c:\Users\ohund\workspace\project_human_centered_machine_learning_test\PascalVOCFaceMasks\images\maksssksksss51.png
166,maksssksksss511.png,1,152,241,100,182,maksssksksss511.xml,c:\Users\ohund\workspace\project_human_centered_machine_learning_test\PascalVOCFaceMasks\images\maksssksksss511.png
167,maksssksksss515.png,1,57,164,198,330,maksssksksss515.xml,c:\Users\ohund\workspace\project_human_centered_machine_learning_test\PascalVOCFaceMasks\images\maksssksksss515.png
168,maksssksksss520.png,1,42,154,173,304,maksssksksss520.xml,c:\Users\ohund\workspace\project_human_centered_machine_learning_test\PascalVOCFaceMasks\images\maksssksksss520.png
169,maksssksksss521.png,0,178,265,35,133,maksssksksss521.xml,c:\Users\ohund\workspace\project_human_centered_machine_learning_test\PascalVOCFaceMasks\images\maksssksksss521.png
171,maksssksksss528.png,0,43,149,169,308,maksssksksss528.xml,c:\Users\ohund\workspace\project_human_centered_machine_learning_test\PascalVOCFaceMasks\images\maksssksksss528.png
172,maksssksksss530.png,0,76,149,236,349,maksssksksss530.xml,c:\Users\ohund\workspace\project_human_centered_machine_learning_test\PascalVOCFaceMasks\images\maksssksksss530.png
173,maksssksksss531.png,1,92,172,201,322,maksssksksss531.xml,c:\Users\ohund\workspace\project_human_centered_machine_learning_test\PascalVOCFaceMasks\images\maksssksksss531.png
174,maksssksksss532.png,1,71,169,197,322,maksssksksss532.xml,c:\Users\ohund\workspace\project_human_centered_machine_learning_test\PascalVOCFaceMasks\images\maksssksksss532.png
175,maksssksksss533.png,1,101,205,203,347,maksssksksss533.xml,c:\Users\ohund\workspace\project_human_centered_machine_learning_test\PascalVOCFaceMasks\images\maksssksksss533.png
176,maksssksksss536.png,1,107,197,158,287,maksssksksss536.xml,c:\Users\ohund\workspace\project_human_centered_machine_learning_test\PascalVOCFaceMasks\images\maksssksksss536.png
177,maksssksksss537.png,0,95,195,177,295,maksssksksss537.xml,c:\Users\ohund\workspace\project_human_centered_machine_learning_test\PascalVOCFaceMasks\images\maksssksksss537.png
178,maksssksksss540.png,0,107,202,129,245,maksssksksss540.xml,c:\Users\ohund\workspace\project_human_centered_machine_learning_test\PascalVOCFaceMasks\images\maksssksksss540.png
179,maksssksksss541.png,1,104,213,144,285,maksssksksss541.xml,c:\Users\ohund\workspace\project_human_centered_machine_learning_test\PascalVOCFaceMasks\images\maksssksksss541.png
180,maksssksksss542.png,1,163,239,47,137,maksssksksss542.xml,c:\Users\ohund\workspace\project_human_centered_machine_learning_test\PascalVOCFaceMasks\images\maksssksksss542.png
181,maksssksksss544.png,0,145,240,200,324,maksssksksss544.xml,c:\Users\ohund\workspace\project_human_centered_machine_learning_test\PascalVOCFaceMasks\images\maksssksksss544.png
182,maksssksksss546.png,1,27,140,177,311,maksssksksss546.xml,c:\Users\ohund\workspace\project_human_centered_machine_learning_test\PascalVOCFaceMasks\images\maksssksksss546.png
183,maksssksksss549.png,1,145,181,98,132,maksssksksss549.xml,c:\Users\ohund\workspace\project_human_centered_machine_learning_test\PascalVOCFaceMasks\images\maksssksksss549.png
184,maksssksksss55.png,1,116,234,141,291,maksssksksss55.xml,c:\Users\ohund\workspace\project_human_centered_machine_learning_test\PascalVOCFaceMasks\images\maksssksksss55.png
185,maksssksksss550.png,1,118,239,78,204,maksssksksss550.xml,c:\Users\ohund\workspace\project_human_centered_machine_learning_test\PascalVOCFaceMasks\images\maksssksksss550.png
186,maksssksksss552.png,1,155,228,37,111,maksssksksss552.xml,c:\Users\ohund\workspace\project_human_centered_machine_learning_test\PascalVOCFaceMasks\images\maksssksksss552.png
187,maksssksksss553.png,1,143,207,190,293,maksssksksss553.xml,c:\Users\ohund\workspace\project_human_centered_machine_learning_test\PascalVOCFaceMasks\images\maksssksksss553.png
188,maksssksksss557.png,1,58,173,167,317,maksssksksss557.xml,c:\Users\ohund\workspace\project_human_centered_machine_learning_test\PascalVOCFaceMasks\images\maksssksksss557.png
189,maksssksksss56.png,1,191,258,105,183,maksssksksss56.xml,c:\Users\ohund\workspace\project_human_centered_machine_learning_test\PascalVOCFaceMasks\images\maksssksksss56.png
190,maksssksksss560.png,1,179,219,126,165,maksssksksss560.xml,c:\Users\ohund\workspace\project_human_centered_machine_learning_test\PascalVOCFaceMasks\images\maksssksksss560.png
191,maksssksksss561.png,0,81,184,163,279,maksssksksss561.xml,c:\Users\ohund\workspace\project_human_centered_machine_learning_test\PascalVOCFaceMasks\images\maksssksksss561.png
193,maksssksksss563.png,1,70,204,53,205,maksssksksss563.xml,c:\Users\ohund\workspace\project_human_centered_machine_learning_test\PascalVOCFaceMasks\images\maksssksksss563.png
194,maksssksksss565.png,0,134,229,191,316,maksssksksss565.xml,c:\Users\ohund\workspace\project_human_centered_machine_learning_test\PascalVOCFaceMasks\images\maksssksksss565.png
195,maksssksksss568.png,1,101,194,195,308,maksssksksss568.xml,c:\Users\ohund\workspace\project_human_centered_machine_learning_test\PascalVOCFaceMasks\images\maksssksksss568.png
196,maksssksksss569.png,1,161,197,97,149,maksssksksss569.xml,c:\Users\ohund\workspace\project_human_centered_machine_learning_test\PascalVOCFaceMasks\images\maksssksksss569.png
197,maksssksksss57.png,1,101,162,251,355,maksssksksss57.xml,c:\Users\ohund\workspace\project_human_centered_machine_learning_test\PascalVOCFaceMasks\images\maksssksksss57.png
198,maksssksksss571.png,0,122,210,196,319,maksssksksss571.xml,c:\Users\ohund\workspace\project_human_centered_machine_learning_test\PascalVOCFaceMasks\images\maksssksksss571.png
199,maksssksksss580.png,1,100,148,57,100,maksssksksss580.xml,c:\Users\ohund\workspace\project_human_centered_machine_learning_test\PascalVOCFaceMasks\images\maksssksksss580.png
200,maksssksksss581.png,1,86,195,194,340,maksssksksss581.xml,c:\Users\ohund\workspace\project_human_centered_machine_learning_test\PascalVOCFaceMasks\images\maksssksksss581.png
201,maksssksksss582.png,1,160,321,127,309,maksssksksss582.xml,c:\Users\ohund\workspace\project_human_centered_machine_learning_test\PascalVOCFaceMasks\images\maksssksksss582.png
202,maksssksksss589.png,1,88,178,95,185,maksssksksss589.xml,c:\Users\ohund\workspace\project_human_centered_machine_learning_test\PascalVOCFaceMasks\images\maksssksksss589.png
203,maksssksksss590.png,1,66,172,189,316,maksssksksss590.xml,c:\Users\ohund\workspace\project_human_centered_machine_learning_test\PascalVOCFaceMasks\images\maksssksksss590.png
204,maksssksksss591.png,1,137,195,101,172,maksssksksss591.xml,c:\Users\ohund\workspace\project_human_centered_machine_learning_test\PascalVOCFaceMasks\images\maksssksksss591.png
205,maksssksksss592.png,1,121,384,227,495,maksssksksss592.xml,c:\Users\ohund\workspace\project_human_centered_machine_learning_test\PascalVOCFaceMasks\images\maksssksksss592.png
206,maksssksksss596.png,1,101,228,151,327,maksssksksss596.xml,c:\Users\ohund\workspace\project_human_centered_machine_learning_test\PascalVOCFaceMasks\images\maksssksksss596.png
207,maksssksksss598.png,1,111,221,203,355,maksssksksss598.xml,c:\Users\ohund\workspace\project_human_centered_machine_learning_test\PascalVOCFaceMasks\images\maksssksksss598.png
208,maksssksksss599.png,1,86,198,144,281,maksssksksss599.xml,c:\Users\ohund\workspace\project_human_centered_machine_learning_test\PascalVOCFaceMasks\images\maksssksksss599.png
209,maksssksksss6.png,1,254,387,100,260,maksssksksss6.xml,c:\Users\ohund\workspace\project_human_centered_machine_learning_test\PascalVOCFaceMasks\images\maksssksksss6.png
210,maksssksksss60.png,1,78,178,176,304,maksssksksss60.xml,c:\Users\ohund\workspace\project_human_centered_machine_learning_test\PascalVOCFaceMasks\images\maksssksksss60.png
211,maksssksksss600.png,1,143,252,77,184,maksssksksss600.xml,c:\Users\ohund\workspace\project_human_centered_machine_learning_test\PascalVOCFaceMasks\images\maksssksksss600.png
212,maksssksksss601.png,1,84,184,163,300,maksssksksss601.xml,c:\Users\ohund\workspace\project_human_centered_machine_learning_test\PascalVOCFaceMasks\images\maksssksksss601.png
213,maksssksksss602.png,1,251,270,22,44,maksssksksss602.xml,c:\Users\ohund\workspace\project_human_centered_machine_learning_test\PascalVOCFaceMasks\images\maksssksksss602.png
214,maksssksksss605.png,1,132,159,47,81,maksssksksss605.xml,c:\Users\ohund\workspace\project_human_centered_machine_learning_test\PascalVOCFaceMasks\images\maksssksksss605.png
215,maksssksksss608.png,1,109,218,139,271,maksssksksss608.xml,c:\Users\ohund\workspace\project_human_centered_machine_learning_test\PascalVOCFaceMasks\images\maksssksksss608.png
216,maksssksksss609.png,0,91,239,103,265,maksssksksss609.xml,c:\Users\ohund\workspace\project_human_centered_machine_learning_test\PascalVOCFaceMasks\images\maksssksksss609.png
217,maksssksksss612.png,1,173,296,88,231,maksssksksss612.xml,c:\Users\ohund\workspace\project_human_centered_machine_learning_test\PascalVOCFaceMasks\images\maksssksksss612.png
218,maksssksksss614.png,1,103,207,197,332,maksssksksss614.xml,c:\Users\ohund\workspace\project_human_centered_machine_learning_test\PascalVOCFaceMasks\images\maksssksksss614.png
219,maksssksksss615.png,0,85,154,270,373,maksssksksss615.xml,c:\Users\ohund\workspace\project_human_centered_machine_learning_test\PascalVOCFaceMasks\images\maksssksksss615.png
220,maksssksksss617.png,1,157,244,108,208,maksssksksss617.xml,c:\Users\ohund\workspace\project_human_centered_machine_learning_test\PascalVOCFaceMasks\images\maksssksksss617.png
221,maksssksksss618.png,0,118,212,171,297,maksssksksss618.xml,c:\Users\ohund\workspace\project_human_centered_machine_learning_test\PascalVOCFaceMasks\images\maksssksksss618.png
222,maksssksksss62.png,1,80,212,180,356,maksssksksss62.xml,c:\Users\ohund\workspace\project_human_centered_machine_learning_test\PascalVOCFaceMasks\images\maksssksksss62.png
223,maksssksksss624.png,0,95,193,195,338,maksssksksss624.xml,c:\Users\ohund\workspace\project_human_centered_machine_learning_test\PascalVOCFaceMasks\images\maksssksksss624.png
224,maksssksksss625.png,1,191,244,96,148,maksssksksss625.xml,c:\Users\ohund\workspace\project_human_centered_machine_learning_test\PascalVOCFaceMasks\images\maksssksksss625.png
225,maksssksksss626.png,1,69,214,100,267,maksssksksss626.xml,c:\Users\ohund\workspace\project_human_centered_machine_learning_test\PascalVOCFaceMasks\images\maksssksksss626.png
226,maksssksksss629.png,1,130,234,235,380,maksssksksss629.xml,c:\Users\ohund\workspace\project_human_centered_machine_learning_test\PascalVOCFaceMasks\images\maksssksksss629.png
227,maksssksksss63.png,1,131,259,86,216,maksssksksss63.xml,c:\Users\ohund\workspace\project_human_centered_machine_learning_test\PascalVOCFaceMasks\images\maksssksksss63.png
228,maksssksksss630.png,1,92,151,233,338,maksssksksss630.xml,c:\Users\ohund\workspace\project_human_centered_machine_learning_test\PascalVOCFaceMasks\images\maksssksksss630.png
229,maksssksksss632.png,1,94,167,57,131,maksssksksss632.xml,c:\Users\ohund\workspace\project_human_centered_machine_learning_test\PascalVOCFaceMasks\images\maksssksksss632.png
230,maksssksksss633.png,1,269,324,138,190,maksssksksss633.xml,c:\Users\ohund\workspace\project_human_centered_machine_learning_test\PascalVOCFaceMasks\images\maksssksksss633.png
231,maksssksksss635.png,1,79,232,112,318,maksssksksss635.xml,c:\Users\ohund\workspace\project_human_centered_machine_learning_test\PascalVOCFaceMasks\images\maksssksksss635.png
232,maksssksksss643.png,1,131,277,126,284,maksssksksss643.xml,c:\Users\ohund\workspace\project_human_centered_machine_learning_test\PascalVOCFaceMasks\images\maksssksksss643.png
233,maksssksksss644.png,1,52,172,198,337,maksssksksss644.xml,c:\Users\ohund\workspace\project_human_centered_machine_learning_test\PascalVOCFaceMasks\images\maksssksksss644.png
234,maksssksksss645.png,1,53,173,184,323,maksssksksss645.xml,c:\Users\ohund\workspace\project_human_centered_machine_learning_test\PascalVOCFaceMasks\images\maksssksksss645.png
235,maksssksksss646.png,1,91,201,188,334,maksssksksss646.xml,c:\Users\ohund\workspace\project_human_centered_machine_learning_test\PascalVOCFaceMasks\images\maksssksksss646.png
236,maksssksksss649.png,1,144,233,252,383,maksssksksss649.xml,c:\Users\ohund\workspace\project_human_centered_machine_learning_test\PascalVOCFaceMasks\images\maksssksksss649.png
237,maksssksksss650.png,1,108,155,73,134,maksssksksss650.xml,c:\Users\ohund\workspace\project_human_centered_machine_learning_test\PascalVOCFaceMasks\images\maksssksksss650.png
238,maksssksksss651.png,1,186,217,41,77,maksssksksss651.xml,c:\Users\ohund\workspace\project_human_centered_machine_learning_test\PascalVOCFaceMasks\images\maksssksksss651.png
239,maksssksksss652.png,1,30,142,184,327,maksssksksss652.xml,c:\Users\ohund\workspace\project_human_centered_machine_learning_test\PascalVOCFaceMasks\images\maksssksksss652.png
240,maksssksksss654.png,1,88,206,70,195,maksssksksss654.xml,c:\Users\ohund\workspace\project_human_centered_machine_learning_test\PascalVOCFaceMasks\images\maksssksksss654.png
241,maksssksksss655.png,0,107,209,175,292,maksssksksss655.xml,c:\Users\ohund\workspace\project_human_centered_machine_learning_test\PascalVOCFaceMasks\images\maksssksksss655.png
244,maksssksksss66.png,1,179,267,81,173,maksssksksss66.xml,c:\Users\ohund\workspace\project_human_centered_machine_learning_test\PascalVOCFaceMasks\images\maksssksksss66.png
245,maksssksksss660.png,0,132,232,141,264,maksssksksss660.xml,c:\Users\ohund\workspace\project_human_centered_machine_learning_test\PascalVOCFaceMasks\images\maksssksksss660.png
246,maksssksksss663.png,1,69,152,194,302,maksssksksss663.xml,c:\Users\ohund\workspace\project_human_centered_machine_learning_test\PascalVOCFaceMasks\images\maksssksksss663.png
247,maksssksksss664.png,1,110,176,70,140,maksssksksss664.xml,c:\Users\ohund\workspace\project_human_centered_machine_learning_test\PascalVOCFaceMasks\images\maksssksksss664.png
248,maksssksksss668.png,1,38,111,248,354,maksssksksss668.xml,c:\Users\ohund\workspace\project_human_centered_machine_learning_test\PascalVOCFaceMasks\images\maksssksksss668.png
249,maksssksksss669.png,1,60,219,121,301,maksssksksss669.xml,c:\Users\ohund\workspace\project_human_centered_machine_learning_test\PascalVOCFaceMasks\images\maksssksksss669.png
250,maksssksksss671.png,1,54,164,180,327,maksssksksss671.xml,c:\Users\ohund\workspace\project_human_centered_machine_learning_test\PascalVOCFaceMasks\images\maksssksksss671.png
251,maksssksksss675.png,1,104,218,138,276,maksssksksss675.xml,c:\Users\ohund\workspace\project_human_centered_machine_learning_test\PascalVOCFaceMasks\images\maksssksksss675.png
252,maksssksksss677.png,1,237,271,28,64,maksssksksss677.xml,c:\Users\ohund\workspace\project_human_centered_machine_learning_test\PascalVOCFaceMasks\images\maksssksksss677.png
253,maksssksksss679.png,1,125,200,66,148,maksssksksss679.xml,c:\Users\ohund\workspace\project_human_centered_machine_learning_test\PascalVOCFaceMasks\images\maksssksksss679.png
254,maksssksksss68.png,0,141,237,187,307,maksssksksss68.xml,c:\Users\ohund\workspace\project_human_centered_machine_learning_test\PascalVOCFaceMasks\images\maksssksksss68.png
255,maksssksksss681.png,1,81,222,174,331,maksssksksss681.xml,c:\Users\ohund\workspace\project_human_centered_machine_learning_test\PascalVOCFaceMasks\images\maksssksksss681.png
256,maksssksksss683.png,1,96,216,87,214,maksssksksss683.xml,c:\Users\ohund\workspace\project_human_centered_machine_learning_test\PascalVOCFaceMasks\images\maksssksksss683.png
257,maksssksksss686.png,1,54,158,173,299,maksssksksss686.xml,c:\Users\ohund\workspace\project_human_centered_machine_learning_test\PascalVOCFaceMasks\images\maksssksksss686.png
258,maksssksksss687.png,1,57,168,211,353,maksssksksss687.xml,c:\Users\ohund\workspace\project_human_centered_machine_learning_test\PascalVOCFaceMasks\images\maksssksksss687.png
259,maksssksksss688.png,1,166,260,67,160,maksssksksss688.xml,c:\Users\ohund\workspace\project_human_centered_machine_learning_test\PascalVOCFaceMasks\images\maksssksksss688.png
260,maksssksksss689.png,1,293,361,153,212,maksssksksss689.xml,c:\Users\ohund\workspace\project_human_centered_machine_learning_test\PascalVOCFaceMasks\images\maksssksksss689.png
261,maksssksksss69.png,1,145,280,93,241,maksssksksss69.xml,c:\Users\ohund\workspace\project_human_centered_machine_learning_test\PascalVOCFaceMasks\images\maksssksksss69.png
262,maksssksksss692.png,1,73,161,227,335,maksssksksss692.xml,c:\Users\ohund\workspace\project_human_centered_machine_learning_test\PascalVOCFaceMasks\images\maksssksksss692.png
263,maksssksksss701.png,0,98,199,150,265,maksssksksss701.xml,c:\Users\ohund\workspace\project_human_centered_machine_learning_test\PascalVOCFaceMasks\images\maksssksksss701.png
264,maksssksksss707.png,1,64,183,161,323,maksssksksss707.xml,c:\Users\ohund\workspace\project_human_centered_machine_learning_test\PascalVOCFaceMasks\images\maksssksksss707.png
265,maksssksksss709.png,1,49,139,183,294,maksssksksss709.xml,c:\Users\ohund\workspace\project_human_centered_machine_learning_test\PascalVOCFaceMasks\images\maksssksksss709.png
266,maksssksksss712.png,1,90,171,213,321,maksssksksss712.xml,c:\Users\ohund\workspace\project_human_centered_machine_learning_test\PascalVOCFaceMasks\images\maksssksksss712.png
267,maksssksksss713.png,1,244,348,70,183,maksssksksss713.xml,c:\Users\ohund\workspace\project_human_centered_machine_learning_test\PascalVOCFaceMasks\images\maksssksksss713.png
268,maksssksksss716.png,0,101,209,174,299,maksssksksss716.xml,c:\Users\ohund\workspace\project_human_centered_machine_learning_test\PascalVOCFaceMasks\images\maksssksksss716.png
269,maksssksksss72.png,0,112,207,176,291,maksssksksss72.xml,c:\Users\ohund\workspace\project_human_centered_machine_learning_test\PascalVOCFaceMasks\images\maksssksksss72.png
270,maksssksksss721.png,1,102,200,200,330,maksssksksss721.xml,c:\Users\ohund\workspace\project_human_centered_machine_learning_test\PascalVOCFaceMasks\images\maksssksksss721.png
271,maksssksksss724.png,1,303,328,24,53,maksssksksss724.xml,c:\Users\ohund\workspace\project_human_centered_machine_learning_test\PascalVOCFaceMasks\images\maksssksksss724.png
272,maksssksksss725.png,1,45,138,215,336,maksssksksss725.xml,c:\Users\ohund\workspace\project_human_centered_machine_learning_test\PascalVOCFaceMasks\images\maksssksksss725.png
273,maksssksksss727.png,1,64,166,176,301,maksssksksss727.xml,c:\Users\ohund\workspace\project_human_centered_machine_learning_test\PascalVOCFaceMasks\images\maksssksksss727.png
274,maksssksksss729.png,0,89,176,284,400,maksssksksss729.xml,c:\Users\ohund\workspace\project_human_centered_machine_learning_test\PascalVOCFaceMasks\images\maksssksksss729.png
275,maksssksksss733.png,1,143,271,72,199,maksssksksss733.xml,c:\Users\ohund\workspace\project_human_centered_machine_learning_test\PascalVOCFaceMasks\images\maksssksksss733.png
276,maksssksksss734.png,1,93,150,44,100,maksssksksss734.xml,c:\Users\ohund\workspace\project_human_centered_machine_learning_test\PascalVOCFaceMasks\images\maksssksksss734.png
277,maksssksksss739.png,1,125,184,59,114,maksssksksss739.xml,c:\Users\ohund\workspace\project_human_centered_machine_learning_test\PascalVOCFaceMasks\images\maksssksksss739.png
279,maksssksksss742.png,1,152,256,151,300,maksssksksss742.xml,c:\Users\ohund\workspace\project_human_centered_machine_learning_test\PascalVOCFaceMasks\images\maksssksksss742.png
280,maksssksksss743.png,1,111,199,166,280,maksssksksss743.xml,c:\Users\ohund\workspace\project_human_centered_machine_learning_test\PascalVOCFaceMasks\images\maksssksksss743.png
281,maksssksksss745.png,1,146,223,228,328,maksssksksss745.xml,c:\Users\ohund\workspace\project_human_centered_machine_learning_test\PascalVOCFaceMasks\images\maksssksksss745.png
282,maksssksksss746.png,1,29,135,198,324,maksssksksss746.xml,c:\Users\ohund\workspace\project_human_centered_machine_learning_test\PascalVOCFaceMasks\images\maksssksksss746.png
283,maksssksksss747.png,1,94,189,198,327,maksssksksss747.xml,c:\Users\ohund\workspace\project_human_centered_machine_learning_test\PascalVOCFaceMasks\images\maksssksksss747.png
285,maksssksksss757.png,0,104,220,182,317,maksssksksss757.xml,c:\Users\ohund\workspace\project_human_centered_machine_learning_test\PascalVOCFaceMasks\images\maksssksksss757.png
287,maksssksksss762.png,1,156,259,167,304,maksssksksss762.xml,c:\Users\ohund\workspace\project_human_centered_machine_learning_test\PascalVOCFaceMasks\images\maksssksksss762.png
288,maksssksksss764.png,1,46,140,224,345,maksssksksss764.xml,c:\Users\ohund\workspace\project_human_centered_machine_learning_test\PascalVOCFaceMasks\images\maksssksksss764.png
289,maksssksksss765.png,1,56,156,196,314,maksssksksss765.xml,c:\Users\ohund\workspace\project_human_centered_machine_learning_test\PascalVOCFaceMasks\images\maksssksksss765.png
290,maksssksksss766.png,1,86,188,177,305,maksssksksss766.xml,c:\Users\ohund\workspace\project_human_centered_machine_learning_test\PascalVOCFaceMasks\images\maksssksksss766.png
291,maksssksksss767.png,1,116,144,36,71,maksssksksss767.xml,c:\Users\ohund\workspace\project_human_centered_machine_learning_test\PascalVOCFaceMasks\images\maksssksksss767.png
292,maksssksksss78.png,1,108,186,231,336,maksssksksss78.xml,c:\Users\ohund\workspace\project_human_centered_machine_learning_test\PascalVOCFaceMasks\images\maksssksksss78.png
293,maksssksksss781.png,1,78,191,199,333,maksssksksss781.xml,c:\Users\ohund\workspace\project_human_centered_machine_learning_test\PascalVOCFaceMasks\images\maksssksksss781.png
294,maksssksksss785.png,0,159,217,90,164,maksssksksss785.xml,c:\Users\ohund\workspace\project_human_centered_machine_learning_test\PascalVOCFaceMasks\images\maksssksksss785.png
295,maksssksksss790.png,1,124,226,159,288,maksssksksss790.xml,c:\Users\ohund\workspace\project_human_centered_machine_learning_test\PascalVOCFaceMasks\images\maksssksksss790.png
296,maksssksksss791.png,1,124,213,121,264,maksssksksss791.xml,c:\Users\ohund\workspace\project_human_centered_machine_learning_test\PascalVOCFaceMasks\images\maksssksksss791.png
297,maksssksksss793.png,1,134,241,147,275,maksssksksss793.xml,c:\Users\ohund\workspace\project_human_centered_machine_learning_test\PascalVOCFaceMasks\images\maksssksksss793.png
298,maksssksksss8.png,1,75,152,271,385,maksssksksss8.xml,c:\Users\ohund\workspace\project_human_centered_machine_learning_test\PascalVOCFaceMasks\images\maksssksksss8.png
299,maksssksksss80.png,1,214,291,54,132,maksssksksss80.xml,c:\Users\ohund\workspace\project_human_centered_machine_learning_test\PascalVOCFaceMasks\images\maksssksksss80.png
300,maksssksksss803.png,1,161,227,170,248,maksssksksss803.xml,c:\Users\ohund\workspace\project_human_centered_machine_learning_test\PascalVOCFaceMasks\images\maksssksksss803.png
301,maksssksksss808.png,1,109,206,134,253,maksssksksss808.xml,c:\Users\ohund\workspace\project_human_centered_machine_learning_test\PascalVOCFaceMasks\images\maksssksksss808.png
302,maksssksksss810.png,1,107,216,277,400,maksssksksss810.xml,c:\Users\ohund\workspace\project_human_centered_machine_learning_test\PascalVOCFaceMasks\images\maksssksksss810.png
303,maksssksksss811.png,1,56,223,47,238,maksssksksss811.xml,c:\Users\ohund\workspace\project_human_centered_machine_learning_test\PascalVOCFaceMasks\images\maksssksksss811.png
304,maksssksksss813.png,1,99,340,100,382,maksssksksss813.xml,c:\Users\ohund\workspace\project_human_centered_machine_learning_test\PascalVOCFaceMasks\images\maksssksksss813.png
305,maksssksksss814.png,1,114,207,262,379,maksssksksss814.xml,c:\Users\ohund\workspace\project_human_centered_machine_learning_test\PascalVOCFaceMasks\images\maksssksksss814.png
307,maksssksksss817.png,0,102,193,141,250,maksssksksss817.xml,c:\Users\ohund\workspace\project_human_centered_machine_learning_test\PascalVOCFaceMasks\images\maksssksksss817.png
308,maksssksksss818.png,0,122,233,226,374,maksssksksss818.xml,c:\Users\ohund\workspace\project_human_centered_machine_learning_test\PascalVOCFaceMasks\images\maksssksksss818.png
309,maksssksksss819.png,1,68,129,63,128,maksssksksss819.xml,c:\Users\ohund\workspace\project_human_centered_machine_learning_test\PascalVOCFaceMasks\images\maksssksksss819.png
310,maksssksksss820.png,1,178,247,58,142,maksssksksss820.xml,c:\Users\ohund\workspace\project_human_centered_machine_learning_test\PascalVOCFaceMasks\images\maksssksksss820.png
311,maksssksksss827.png,1,48,177,144,307,maksssksksss827.xml,c:\Users\ohund\workspace\project_human_centered_machine_learning_test\PascalVOCFaceMasks\images\maksssksksss827.png
312,maksssksksss828.png,1,65,180,174,323,maksssksksss828.xml,c:\Users\ohund\workspace\project_human_centered_machine_learning_test\PascalVOCFaceMasks\images\maksssksksss828.png
314,maksssksksss831.png,1,74,120,62,112,maksssksksss831.xml,c:\Users\ohund\workspace\project_human_centered_machine_learning_test\PascalVOCFaceMasks\images\maksssksksss831.png
316,maksssksksss833.png,1,150,223,56,136,maksssksksss833.xml,c:\Users\ohund\workspace\project_human_centered_machine_learning_test\PascalVOCFaceMasks\images\maksssksksss833.png
318,maksssksksss837.png,0,95,192,151,261,maksssksksss837.xml,c:\Users\ohund\workspace\project_human_centered_machine_learning_test\PascalVOCFaceMasks\images\maksssksksss837.png
319,maksssksksss838.png,1,142,253,161,324,maksssksksss838.xml,c:\Users\ohund\workspace\project_human_centered_machine_learning_test\PascalVOCFaceMasks\images\maksssksksss838.png
320,maksssksksss841.png,0,134,223,184,296,maksssksksss841.xml,c:\Users\ohund\workspace\project_human_centered_machine_learning_test\PascalVOCFaceMasks\images\maksssksksss841.png
321,maksssksksss845.png,1,101,180,197,306,maksssksksss845.xml,c:\Users\ohund\workspace\project_human_centered_machine_learning_test\PascalVOCFaceMasks\images\maksssksksss845.png
322,maksssksksss846.png,1,158,191,43,85,maksssksksss846.xml,c:\Users\ohund\workspace\project_human_centered_machine_learning_test\PascalVOCFaceMasks\images\maksssksksss846.png
323,maksssksksss85.png,1,84,199,54,167,maksssksksss85.xml,c:\Users\ohund\workspace\project_human_centered_machine_learning_test\PascalVOCFaceMasks\images\maksssksksss85.png
324,maksssksksss851.png,1,66,156,205,330,maksssksksss851.xml,c:\Users\ohund\workspace\project_human_centered_machine_learning_test\PascalVOCFaceMasks\images\maksssksksss851.png
325,maksssksksss87.png,1,129,211,284,387,maksssksksss87.xml,c:\Users\ohund\workspace\project_human_centered_machine_learning_test\PascalVOCFaceMasks\images\maksssksksss87.png
326,maksssksksss88.png,1,42,151,176,304,maksssksksss88.xml,c:\Users\ohund\workspace\project_human_centered_machine_learning_test\PascalVOCFaceMasks\images\maksssksksss88.png
327,maksssksksss95.png,0,67,155,289,400,maksssksksss95.xml,c:\Users\ohund\workspace\project_human_centered_machine_learning_test\PascalVOCFaceMasks\images\maksssksksss95.png
328,maksssksksss97.png,1,187,212,83,109,maksssksksss97.xml,c:\Users\ohund\workspace\project_human_centered_machine_learning_test\PascalVOCFaceMasks\images\maksssksksss97.png
